-- +goose Up

INSERT INTO track_configurations (id, name, type, description)
VALUES
    (
        '10000000-0000-0000-0000-000000000001',
        'Короткая трасса',
        'SHORT',
        'Короткая конфигурация трассы для новичков и тренировочных заездов.'
    ),
    (
        '10000000-0000-0000-0000-000000000002',
        'Длинная трасса',
        'LONG',
        'Длинная конфигурация трассы для опытных участников.'
    )
ON CONFLICT (id) DO NOTHING;

INSERT INTO ride_levels (id, code, name, description)
VALUES
    (
        '20000000-0000-0000-0000-000000000001',
        'NOVICE',
        'Новичковый',
        'Подходит для клиентов без опыта или с минимальным опытом.'
    ),
    (
        '20000000-0000-0000-0000-000000000002',
        'EXPERIENCED',
        'Опытный',
        'Подходит для клиентов с опытом вождения карта.'
    )
ON CONFLICT (id) DO NOTHING;

INSERT INTO marshals (id, name, phone)
VALUES
    (
        '30000000-0000-0000-0000-000000000001',
        'Алексей Смирнов',
        '+79990000001'
    ),
    (
        '30000000-0000-0000-0000-000000000002',
        'Мария Иванова',
        '+79990000002'
    )
ON CONFLICT (id) DO NOTHING;

INSERT INTO clients (id, phone)
VALUES
    (
        '40000000-0000-0000-0000-000000000001',
        '+79991112233'
    ),
    (
        '40000000-0000-0000-0000-000000000002',
        '+79994445566'
    )
ON CONFLICT (id) DO NOTHING;

INSERT INTO ride_slots (
    id,
    track_configuration_id,
    ride_level_id,
    marshal_id,
    start_at,
    duration_minutes,
    capacity,
    free_places,
    price_amount,
    price_currency,
    status,
    address,
    meeting_point,
    safety_rules,
    cancellation_terms,
    center_cancel_reason_type,
    center_cancel_reason_text,
    center_cancelled_at
)
VALUES
    (
        '50000000-0000-0000-0000-000000000001',
        '10000000-0000-0000-0000-000000000001',
        '20000000-0000-0000-0000-000000000001',
        '30000000-0000-0000-0000-000000000001',
        date_trunc('day', now()) + interval '1 day 10 hours',
        15,
        10,
        7,
        1800.00,
        'RUB',
        'AVAILABLE',
        'г. Москва, Картинг-центр «Апекс», ул. Примерная, 1',
        'Главный вход, стойка регистрации',
        'К участию допускаются клиенты от 16 лет. Перед заездом необходимо пройти инструктаж и соблюдать правила безопасности.',
        'Клиент может отменить бронь, если до начала заезда осталось больше 1 часа.',
        NULL,
        NULL,
        NULL
    ),
    (
        '50000000-0000-0000-0000-000000000002',
        '10000000-0000-0000-0000-000000000002',
        '20000000-0000-0000-0000-000000000002',
        '30000000-0000-0000-0000-000000000002',
        date_trunc('day', now()) + interval '2 days 14 hours',
        20,
        8,
        3,
        2500.00,
        'RUB',
        'AVAILABLE',
        'г. Москва, Картинг-центр «Апекс», ул. Примерная, 1',
        'Главный вход, стойка регистрации',
        'К участию допускаются клиенты от 16 лет. Перед заездом необходимо пройти инструктаж и соблюдать правила безопасности.',
        'Клиент может отменить бронь, если до начала заезда осталось больше 1 часа.',
        NULL,
        NULL,
        NULL
    ),
    (
        '50000000-0000-0000-0000-000000000003',
        '10000000-0000-0000-0000-000000000001',
        '20000000-0000-0000-0000-000000000001',
        '30000000-0000-0000-0000-000000000001',
        date_trunc('day', now()) + interval '3 days 12 hours',
        15,
        10,
        0,
        1800.00,
        'RUB',
        'NO_FREE_PLACES',
        'г. Москва, Картинг-центр «Апекс», ул. Примерная, 1',
        'Главный вход, стойка регистрации',
        'К участию допускаются клиенты от 16 лет. Перед заездом необходимо пройти инструктаж и соблюдать правила безопасности.',
        'Клиент может отменить бронь, если до начала заезда осталось больше 1 часа.',
        NULL,
        NULL,
        NULL
    ),
    (
        '50000000-0000-0000-0000-000000000004',
        '10000000-0000-0000-0000-000000000002',
        '20000000-0000-0000-0000-000000000002',
        '30000000-0000-0000-0000-000000000002',
        date_trunc('day', now()) + interval '4 days 18 hours',
        20,
        8,
        8,
        2500.00,
        'RUB',
        'CANCELLED',
        'г. Москва, Картинг-центр «Апекс», ул. Примерная, 1',
        'Главный вход, стойка регистрации',
        'К участию допускаются клиенты от 16 лет. Перед заездом необходимо пройти инструктаж и соблюдать правила безопасности.',
        'Клиент может отменить бронь, если до начала заезда осталось больше 1 часа.',
        'TECHNICAL_FAILURE',
        'Заезд отменён из-за технической неисправности оборудования.',
        now()
    )
ON CONFLICT (id) DO NOTHING;

INSERT INTO bookings (
    id,
    slot_id,
    client_id,
    profile_full_name,
    profile_phone,
    profile_email,
    profile_age,
    safety_rules_accepted,
    parental_consent_accepted,
    status
)
VALUES
    (
        '60000000-0000-0000-0000-000000000001',
        '50000000-0000-0000-0000-000000000001',
        '40000000-0000-0000-0000-000000000001',
        'Иван Петров',
        '+79991112233',
        'ivan.petrov@example.com',
        24,
        true,
        false,
        'PENDING_CONFIRMATION'
    ),
    (
        '60000000-0000-0000-0000-000000000002',
        '50000000-0000-0000-0000-000000000002',
        '40000000-0000-0000-0000-000000000002',
        'Анна Соколова',
        '+79994445566',
        'anna.sokolova@example.com',
        17,
        true,
        true,
        'ACTIVE'
    )
ON CONFLICT (id) DO NOTHING;

INSERT INTO push_device_tokens (
    id,
    client_id,
    platform,
    token,
    app_version,
    locale,
    last_seen_at
)
VALUES
    (
        '70000000-0000-0000-0000-000000000001',
        '40000000-0000-0000-0000-000000000001',
        'ANDROID',
        'dev-android-token-ivan',
        '1.0.0-dev',
        'ru-RU',
        now()
    ),
    (
        '70000000-0000-0000-0000-000000000002',
        '40000000-0000-0000-0000-000000000002',
        'IOS',
        'dev-ios-token-anna',
        '1.0.0-dev',
        'ru-RU',
        now()
    )
ON CONFLICT (id) DO NOTHING;

INSERT INTO push_notification_events (
    id,
    booking_id,
    client_id,
    type,
    title,
    body,
    scheduled_at
)
VALUES
    (
        '80000000-0000-0000-0000-000000000001',
        '60000000-0000-0000-0000-000000000001',
        '40000000-0000-0000-0000-000000000001',
        'RIDE_REMINDER_24H',
        'Напоминание о заезде',
        'Завтра у вас заезд в картинг-центре «Апекс».',
        date_trunc('day', now()) + interval '10 hours'
    )
ON CONFLICT (id) DO NOTHING;

-- +goose Down

DELETE FROM push_notification_events
WHERE id IN (
    '80000000-0000-0000-0000-000000000001'
);

DELETE FROM push_device_tokens
WHERE id IN (
    '70000000-0000-0000-0000-000000000001',
    '70000000-0000-0000-0000-000000000002'
);

DELETE FROM bookings
WHERE id IN (
    '60000000-0000-0000-0000-000000000001',
    '60000000-0000-0000-0000-000000000002'
);

DELETE FROM ride_slots
WHERE id IN (
    '50000000-0000-0000-0000-000000000001',
    '50000000-0000-0000-0000-000000000002',
    '50000000-0000-0000-0000-000000000003',
    '50000000-0000-0000-0000-000000000004'
);

DELETE FROM clients
WHERE id IN (
    '40000000-0000-0000-0000-000000000001',
    '40000000-0000-0000-0000-000000000002'
);

DELETE FROM marshals
WHERE id IN (
    '30000000-0000-0000-0000-000000000001',
    '30000000-0000-0000-0000-000000000002'
);

DELETE FROM ride_levels
WHERE id IN (
    '20000000-0000-0000-0000-000000000001',
    '20000000-0000-0000-0000-000000000002'
);

DELETE FROM track_configurations
WHERE id IN (
    '10000000-0000-0000-0000-000000000001',
    '10000000-0000-0000-0000-000000000002'
);
